8501507	http://en.wikipedia.org/wiki/Fadil_Hoxha	Serbian_language
8501507	http://en.wikipedia.org/wiki/Fadil_Hoxha	%C4%90akovica
8501507	http://en.wikipedia.org/wiki/Fadil_Hoxha	Kingdom_of_Serbia
8501507	http://en.wikipedia.org/wiki/Fadil_Hoxha	Pristina
8501507	http://en.wikipedia.org/wiki/Fadil_Hoxha	Serbia_and_Montenegro
8501507	http://en.wikipedia.org/wiki/Fadil_Hoxha	Albania
8501507	http://en.wikipedia.org/wiki/Fadil_Hoxha	Shkod%C3%ABr
8501507	http://en.wikipedia.org/wiki/Fadil_Hoxha	Elbasan
8501507	http://en.wikipedia.org/wiki/Fadil_Hoxha	Marxism-Leninism
8501507	http://en.wikipedia.org/wiki/Fadil_Hoxha	Partisans_(Yugoslavia)
8501507	http://en.wikipedia.org/wiki/Fadil_Hoxha	Fascism
8501507	http://en.wikipedia.org/wiki/Fadil_Hoxha	Nazism
8501507	http://en.wikipedia.org/wiki/Fadil_Hoxha	Nazi_Germany
8501507	http://en.wikipedia.org/wiki/Fadil_Hoxha	Bujan_Conference
8501507	http://en.wikipedia.org/wiki/Fadil_Hoxha	Yugoslav_Communist_Party
8501507	http://en.wikipedia.org/wiki/Fadil_Hoxha	Serbia
8501507	http://en.wikipedia.org/wiki/Fadil_Hoxha	Aleksandar_Rankovi%C4%87
8501507	http://en.wikipedia.org/wiki/Fadil_Hoxha	Josip_Broz_Tito
8501507	http://en.wikipedia.org/wiki/Fadil_Hoxha	Socialist_Federal_Republic_of_Yugoslavia
8501507	http://en.wikipedia.org/wiki/Fadil_Hoxha	Republic
8501507	http://en.wikipedia.org/wiki/Fadil_Hoxha	Industrialization
8501507	http://en.wikipedia.org/wiki/Fadil_Hoxha	University_of_Pristina_(1969%E2%80%931999)
8501507	http://en.wikipedia.org/wiki/Fadil_Hoxha	Brotherhood_and_unity
8501507	http://en.wikipedia.org/wiki/Fadil_Hoxha	President
8501507	http://en.wikipedia.org/wiki/Fadil_Hoxha	People%27s_Hero_of_Yugoslavia
8501507	http://en.wikipedia.org/wiki/Fadil_Hoxha	Slobodan_Milo%C5%A1evi%C4%87
8501507	http://en.wikipedia.org/wiki/Fadil_Hoxha	Secessionism
8501507	http://en.wikipedia.org/wiki/Fadil_Hoxha	League_of_Communists_of_Yugoslavia
8501507	http://en.wikipedia.org/wiki/Fadil_Hoxha	Treason
8501507	http://en.wikipedia.org/wiki/Fadil_Hoxha	Kosovo_War
8501507	http://en.wikipedia.org/wiki/Fadil_Hoxha	Enver_Hoxha
8501546	http://en.wikipedia.org/wiki/Jamestown_(Kansas)_Wildlife_Area	Republic_County%2C_Kansas
8501546	http://en.wikipedia.org/wiki/Jamestown_(Kansas)_Wildlife_Area	Cloud_County%2C_Kansas
8501546	http://en.wikipedia.org/wiki/Jamestown_(Kansas)_Wildlife_Area	Jamestown%2C_Kansas
8501546	http://en.wikipedia.org/wiki/Jamestown_(Kansas)_Wildlife_Area	Hunting
8501546	http://en.wikipedia.org/wiki/Jamestown_(Kansas)_Wildlife_Area	Fishing
8501546	http://en.wikipedia.org/wiki/Jamestown_(Kansas)_Wildlife_Area	Wetlands
8501546	http://en.wikipedia.org/wiki/Jamestown_(Kansas)_Wildlife_Area	Uplands
8501546	http://en.wikipedia.org/wiki/Jamestown_(Kansas)_Wildlife_Area	Emporia_State_University
8501546	http://en.wikipedia.org/wiki/Jamestown_(Kansas)_Wildlife_Area	Native_Americans_in_the_United_States
8501546	http://en.wikipedia.org/wiki/Jamestown_(Kansas)_Wildlife_Area	Settlers
8501546	http://en.wikipedia.org/wiki/Jamestown_(Kansas)_Wildlife_Area	Bison
8501546	http://en.wikipedia.org/wiki/Jamestown_(Kansas)_Wildlife_Area	Waterfowl
8501546	http://en.wikipedia.org/wiki/Jamestown_(Kansas)_Wildlife_Area	Dam
8501552	http://en.wikipedia.org/wiki/Laron_syndrome	Autosomal
8501552	http://en.wikipedia.org/wiki/Laron_syndrome	Recessive
8501552	http://en.wikipedia.org/wiki/Laron_syndrome	Growth_hormone
8501552	http://en.wikipedia.org/wiki/Laron_syndrome	Growth_hormone_receptor
8501552	http://en.wikipedia.org/wiki/Laron_syndrome	Short_stature
8501552	http://en.wikipedia.org/wiki/Laron_syndrome	Diabetes
8501552	http://en.wikipedia.org/wiki/Laron_syndrome	Zvi_Laron
8501552	http://en.wikipedia.org/wiki/Laron_syndrome	Israelis
8501552	http://en.wikipedia.org/wiki/Laron_syndrome	Blood_plasma
8501552	http://en.wikipedia.org/wiki/Laron_syndrome	Gene
8501552	http://en.wikipedia.org/wiki/Laron_syndrome	Mutation
8501552	http://en.wikipedia.org/wiki/Laron_syndrome	Hormone
8501552	http://en.wikipedia.org/wiki/Laron_syndrome	Insulin-like_growth_factor
8501552	http://en.wikipedia.org/wiki/Laron_syndrome	IGF-1
8501552	http://en.wikipedia.org/wiki/Laron_syndrome	Carrier_protein
8501552	http://en.wikipedia.org/wiki/Laron_syndrome	Insulin-like_growth_factor_binding_protein_3
8501552	http://en.wikipedia.org/wiki/Laron_syndrome	STAT5B
8501552	http://en.wikipedia.org/wiki/Laron_syndrome	Dwarfism
8501552	http://en.wikipedia.org/wiki/Laron_syndrome	Nasal_bridge
8501552	http://en.wikipedia.org/wiki/Laron_syndrome	Mandible
8501552	http://en.wikipedia.org/wiki/Laron_syndrome	Obesity
8501552	http://en.wikipedia.org/wiki/Laron_syndrome	Micropenis
8501552	http://en.wikipedia.org/wiki/Laron_syndrome	Seizures
8501552	http://en.wikipedia.org/wiki/Laron_syndrome	Hypoglycemia
8501552	http://en.wikipedia.org/wiki/Laron_syndrome	Semitic
8501552	http://en.wikipedia.org/wiki/Laron_syndrome	Sephardi_Jews
8501552	http://en.wikipedia.org/wiki/Laron_syndrome	Puberty
8501552	http://en.wikipedia.org/wiki/Laron_syndrome	IGF-1
8501552	http://en.wikipedia.org/wiki/Laron_syndrome	IGFBP-3
8501552	http://en.wikipedia.org/wiki/Laron_syndrome	Food_and_Drug_Administration
8501552	http://en.wikipedia.org/wiki/Laron_syndrome	Diabetes
8501552	http://en.wikipedia.org/wiki/Laron_syndrome	Homo_floresiensis
8501573	http://en.wikipedia.org/wiki/Vanike_Tarar	Hafizabad_District
8501573	http://en.wikipedia.org/wiki/Vanike_Tarar	Punjab_(Pakistan)
8501573	http://en.wikipedia.org/wiki/Vanike_Tarar	Pakistan
8501579	http://en.wikipedia.org/wiki/Sharyn_Hodgson	Carly_Morris
8501579	http://en.wikipedia.org/wiki/Sharyn_Hodgson	Home_and_Away
8501579	http://en.wikipedia.org/wiki/Sharyn_Hodgson	Higher_School_Certificate_(New_South_Wales)
8501579	http://en.wikipedia.org/wiki/Sharyn_Hodgson	Seven_Network
8501579	http://en.wikipedia.org/wiki/Sharyn_Hodgson	Carly_Morris
8501579	http://en.wikipedia.org/wiki/Sharyn_Hodgson	Tom_Fletcher
8501579	http://en.wikipedia.org/wiki/Sharyn_Hodgson	Ben_Lucini
8501579	http://en.wikipedia.org/wiki/Sharyn_Hodgson	Julian_McMahon
8501579	http://en.wikipedia.org/wiki/Sharyn_Hodgson	Summer_Bay
8501579	http://en.wikipedia.org/wiki/Sharyn_Hodgson	Justine_Clarke
8501579	http://en.wikipedia.org/wiki/Sharyn_Hodgson	Adam_Willits
8501579	http://en.wikipedia.org/wiki/Sharyn_Hodgson	Steven_Matheson
8501579	http://en.wikipedia.org/wiki/Sharyn_Hodgson	Debra_Lawrance
8501579	http://en.wikipedia.org/wiki/Sharyn_Hodgson	Pippa_Ross
8501579	http://en.wikipedia.org/wiki/Sharyn_Hodgson	Kate_Ritchie
8501579	http://en.wikipedia.org/wiki/Sharyn_Hodgson	Sally_Fletcher
8501579	http://en.wikipedia.org/wiki/Sharyn_Hodgson	Blue_Heelers
8501579	http://en.wikipedia.org/wiki/Sharyn_Hodgson	Police_Rescue
8501579	http://en.wikipedia.org/wiki/Sharyn_Hodgson	Wildside_(TV_drama)
8501579	http://en.wikipedia.org/wiki/Sharyn_Hodgson	Big_Sky_(TV_series)
8501583	http://en.wikipedia.org/wiki/Lefteris_Pantazis	Fan_(person)
8501583	http://en.wikipedia.org/wiki/Lefteris_Pantazis	Pontic_Greeks
8501583	http://en.wikipedia.org/wiki/Lefteris_Pantazis	Tashkent
8501583	http://en.wikipedia.org/wiki/Lefteris_Pantazis	Uzbekistan
8501583	http://en.wikipedia.org/wiki/Lefteris_Pantazis	USSR
8501583	http://en.wikipedia.org/wiki/Lefteris_Pantazis	Repatriation
8501583	http://en.wikipedia.org/wiki/Lefteris_Pantazis	Greece
8501583	http://en.wikipedia.org/wiki/Lefteris_Pantazis	Genre
8501583	http://en.wikipedia.org/wiki/Lefteris_Pantazis	Skiladiko
8501583	http://en.wikipedia.org/wiki/Lefteris_Pantazis	Laika_(music)
8501583	http://en.wikipedia.org/wiki/Lefteris_Pantazis	Music
8501583	http://en.wikipedia.org/wiki/Lefteris_Pantazis	Traditional_music
8501583	http://en.wikipedia.org/wiki/Lefteris_Pantazis	Country_music
8501583	http://en.wikipedia.org/wiki/Lefteris_Pantazis	Folk_music
8501583	http://en.wikipedia.org/wiki/Lefteris_Pantazis	Pop_music
8501585	http://en.wikipedia.org/wiki/Canmore_Museum_and_Geoscience_Centre	Canmore%2C_Alberta
8501585	http://en.wikipedia.org/wiki/Canmore_Museum_and_Geoscience_Centre	Alberta
8501585	http://en.wikipedia.org/wiki/Canmore_Museum_and_Geoscience_Centre	Canadian_Museums_Association
8501585	http://en.wikipedia.org/wiki/Canmore_Museum_and_Geoscience_Centre	Canadian_Heritage_Information_Network
8501585	http://en.wikipedia.org/wiki/Canmore_Museum_and_Geoscience_Centre	Virtual_Museum_of_Canada
8501585	http://en.wikipedia.org/wiki/Canmore_Museum_and_Geoscience_Centre	Mining
8501585	http://en.wikipedia.org/wiki/Canmore_Museum_and_Geoscience_Centre	1988_Winter_Olympics
8501585	http://en.wikipedia.org/wiki/Canmore_Museum_and_Geoscience_Centre	1988_Winter_Olympics
8501585	http://en.wikipedia.org/wiki/Canmore_Museum_and_Geoscience_Centre	North-West_Mounted_Police
8501585	http://en.wikipedia.org/wiki/Canmore_Museum_and_Geoscience_Centre	Sharon_Wood
8501585	http://en.wikipedia.org/wiki/Canmore_Museum_and_Geoscience_Centre	Grassi_Lakes
8501585	http://en.wikipedia.org/wiki/Canmore_Museum_and_Geoscience_Centre	Mount_Stephen_trilobite_beds
8501585	http://en.wikipedia.org/wiki/Canmore_Museum_and_Geoscience_Centre	Walcott_Quarry
8501585	http://en.wikipedia.org/wiki/Canmore_Museum_and_Geoscience_Centre	Royal_Tyrrell_Museum_of_Palaeontology
8501585	http://en.wikipedia.org/wiki/Canmore_Museum_and_Geoscience_Centre	David_Thompson_(explorer)
8501585	http://en.wikipedia.org/wiki/Canmore_Museum_and_Geoscience_Centre	Canadian_Mining_Hall_of_Fame
8501586	http://en.wikipedia.org/wiki/Nicholas_Grattan-Doyle	Conservative_Party_(UK)
8501586	http://en.wikipedia.org/wiki/Nicholas_Grattan-Doyle	United_Kingdom
8501586	http://en.wikipedia.org/wiki/Nicholas_Grattan-Doyle	Member_of_Parliament
8501586	http://en.wikipedia.org/wiki/Nicholas_Grattan-Doyle	Newcastle_upon_Tyne_North_(UK_Parliament_constituency)
8501586	http://en.wikipedia.org/wiki/Nicholas_Grattan-Doyle	United_Kingdom_general_election%2C_1918
8501586	http://en.wikipedia.org/wiki/Nicholas_Grattan-Doyle	Resignation_from_the_British_House_of_Commons
8501590	http://en.wikipedia.org/wiki/Hans-Wilhelm_M%C3%BCller-Wohlfahrt	Wittmund
8501590	http://en.wikipedia.org/wiki/Hans-Wilhelm_M%C3%BCller-Wohlfahrt	Wittmund
8501590	http://en.wikipedia.org/wiki/Hans-Wilhelm_M%C3%BCller-Wohlfahrt	East_Frisia
8501590	http://en.wikipedia.org/wiki/Hans-Wilhelm_M%C3%BCller-Wohlfahrt	Bayern_Munich
8501590	http://en.wikipedia.org/wiki/Hans-Wilhelm_M%C3%BCller-Wohlfahrt	Hyalart
8501590	http://en.wikipedia.org/wiki/Hans-Wilhelm_M%C3%BCller-Wohlfahrt	Homeopathy
8501590	http://en.wikipedia.org/wiki/Hans-Wilhelm_M%C3%BCller-Wohlfahrt	J%C3%BCrgen_Klinsmann
8501590	http://en.wikipedia.org/wiki/Hans-Wilhelm_M%C3%BCller-Wohlfahrt	Ronaldo
8501590	http://en.wikipedia.org/wiki/Hans-Wilhelm_M%C3%BCller-Wohlfahrt	Jonathan_Woodgate
8501590	http://en.wikipedia.org/wiki/Hans-Wilhelm_M%C3%BCller-Wohlfahrt	Paula_Radcliffe
8501590	http://en.wikipedia.org/wiki/Hans-Wilhelm_M%C3%BCller-Wohlfahrt	Kelly_Holmes
8501590	http://en.wikipedia.org/wiki/Hans-Wilhelm_M%C3%BCller-Wohlfahrt	Maurice_Greene_(athlete)
8501590	http://en.wikipedia.org/wiki/Hans-Wilhelm_M%C3%BCller-Wohlfahrt	Usain_Bolt
8501590	http://en.wikipedia.org/wiki/Hans-Wilhelm_M%C3%BCller-Wohlfahrt	Michael_Owen
8501590	http://en.wikipedia.org/wiki/Hans-Wilhelm_M%C3%BCller-Wohlfahrt	Euro_2000
8501590	http://en.wikipedia.org/wiki/Hans-Wilhelm_M%C3%BCller-Wohlfahrt	Liverpool_F.C.
8501590	http://en.wikipedia.org/wiki/Hans-Wilhelm_M%C3%BCller-Wohlfahrt	England_national_football_team
8501590	http://en.wikipedia.org/wiki/Hans-Wilhelm_M%C3%BCller-Wohlfahrt	Steven_Gerrard
8501590	http://en.wikipedia.org/wiki/Hans-Wilhelm_M%C3%BCller-Wohlfahrt	Harry_Kewell
8501590	http://en.wikipedia.org/wiki/Hans-Wilhelm_M%C3%BCller-Wohlfahrt	Darren_Gough
8501590	http://en.wikipedia.org/wiki/Hans-Wilhelm_M%C3%BCller-Wohlfahrt	Alex_Tudor
8501590	http://en.wikipedia.org/wiki/Hans-Wilhelm_M%C3%BCller-Wohlfahrt	Jos%C3%A9_Mar%C3%ADa_Olaz%C3%A1bal
8501590	http://en.wikipedia.org/wiki/Hans-Wilhelm_M%C3%BCller-Wohlfahrt	The_Masters_Tournament
8501590	http://en.wikipedia.org/wiki/Hans-Wilhelm_M%C3%BCller-Wohlfahrt	Rheumatoid_arthritis
8501590	http://en.wikipedia.org/wiki/Hans-Wilhelm_M%C3%BCller-Wohlfahrt	Augusta%2C_Georgia
8501590	http://en.wikipedia.org/wiki/Hans-Wilhelm_M%C3%BCller-Wohlfahrt	2003_Rugby_World_Cup
8501590	http://en.wikipedia.org/wiki/Hans-Wilhelm_M%C3%BCller-Wohlfahrt	Will_Greenwood
8501590	http://en.wikipedia.org/wiki/Hans-Wilhelm_M%C3%BCller-Wohlfahrt	Australian_rules_football
8501590	http://en.wikipedia.org/wiki/Hans-Wilhelm_M%C3%BCller-Wohlfahrt	Max_Rooke
8501590	http://en.wikipedia.org/wiki/Hans-Wilhelm_M%C3%BCller-Wohlfahrt	Mark_Coughlan
8501590	http://en.wikipedia.org/wiki/Hans-Wilhelm_M%C3%BCller-Wohlfahrt	Stephen_Roche
8501590	http://en.wikipedia.org/wiki/Hans-Wilhelm_M%C3%BCller-Wohlfahrt	St_Johnstone_F.C.
8501590	http://en.wikipedia.org/wiki/Hans-Wilhelm_M%C3%BCller-Wohlfahrt	Peter_MacDonald_(footballer)
8501590	http://en.wikipedia.org/wiki/Hans-Wilhelm_M%C3%BCller-Wohlfahrt	Bono
8501590	http://en.wikipedia.org/wiki/Hans-Wilhelm_M%C3%BCller-Wohlfahrt	U2
8501590	http://en.wikipedia.org/wiki/Hans-Wilhelm_M%C3%BCller-Wohlfahrt	Usain_Bolt
8501590	http://en.wikipedia.org/wiki/Hans-Wilhelm_M%C3%BCller-Wohlfahrt	Dylan_Grimes
8501590	http://en.wikipedia.org/wiki/Hans-Wilhelm_M%C3%BCller-Wohlfahrt	Australian_Football_League
8501590	http://en.wikipedia.org/wiki/Hans-Wilhelm_M%C3%BCller-Wohlfahrt	Richmond_Tigers
8501590	http://en.wikipedia.org/wiki/Hans-Wilhelm_M%C3%BCller-Wohlfahrt	Giorgio_Chiellini
8501590	http://en.wikipedia.org/wiki/Hans-Wilhelm_M%C3%BCller-Wohlfahrt	Simone_Pepe
8501590	http://en.wikipedia.org/wiki/Hans-Wilhelm_M%C3%BCller-Wohlfahrt	Juventus_FC
8501618	http://en.wikipedia.org/wiki/William_Wells_(British_politician)	Queen%27s_Counsel
8501618	http://en.wikipedia.org/wiki/William_Wells_(British_politician)	England
8501618	http://en.wikipedia.org/wiki/William_Wells_(British_politician)	Labour_Party_(UK)
8501618	http://en.wikipedia.org/wiki/William_Wells_(British_politician)	Public_school_(UK)
8501618	http://en.wikipedia.org/wiki/William_Wells_(British_politician)	Lancing_College
8501618	http://en.wikipedia.org/wiki/William_Wells_(British_politician)	Brighton
8501618	http://en.wikipedia.org/wiki/William_Wells_(British_politician)	Balliol_College%2C_Oxford
8501618	http://en.wikipedia.org/wiki/William_Wells_(British_politician)	University_of_Oxford
8501618	http://en.wikipedia.org/wiki/William_Wells_(British_politician)	Middle_Temple
8501618	http://en.wikipedia.org/wiki/William_Wells_(British_politician)	World_War_II
8501618	http://en.wikipedia.org/wiki/William_Wells_(British_politician)	British_Army
8501618	http://en.wikipedia.org/wiki/William_Wells_(British_politician)	War_Office
8501618	http://en.wikipedia.org/wiki/William_Wells_(British_politician)	Member_of_Parliament
8501618	http://en.wikipedia.org/wiki/William_Wells_(British_politician)	Walsall_(UK_Parliament_constituency)
8501618	http://en.wikipedia.org/wiki/William_Wells_(British_politician)	United_Kingdom_general_election%2C_1945
8501618	http://en.wikipedia.org/wiki/William_Wells_(British_politician)	Wolfenden_Committee
8501618	http://en.wikipedia.org/wiki/William_Wells_(British_politician)	Queen%27s_Counsel
8501618	http://en.wikipedia.org/wiki/William_Wells_(British_politician)	European_Union
8501618	http://en.wikipedia.org/wiki/William_Wells_(British_politician)	Social_Democratic_Party_(UK)
8501624	http://en.wikipedia.org/wiki/The_Calusari	The_X-Files_(season_2)
8501624	http://en.wikipedia.org/wiki/The_Calusari	Science_fiction_on_television
8501624	http://en.wikipedia.org/wiki/The_Calusari	The_X-Files
8501624	http://en.wikipedia.org/wiki/The_Calusari	Fox_Broadcasting_Company
8501624	http://en.wikipedia.org/wiki/The_Calusari	Michael_Vejar
8501624	http://en.wikipedia.org/wiki/The_Calusari	List_of_Monster-of-the-Week_characters_in_The_X-Files
8501624	http://en.wikipedia.org/wiki/The_Calusari	Mythology_of_The_X-Files
8501624	http://en.wikipedia.org/wiki/The_Calusari	Nielsen_rating
8501624	http://en.wikipedia.org/wiki/The_Calusari	Federal_Bureau_of_Investigation
8501624	http://en.wikipedia.org/wiki/The_Calusari	Fox_Mulder
8501624	http://en.wikipedia.org/wiki/The_Calusari	David_Duchovny
8501624	http://en.wikipedia.org/wiki/The_Calusari	Dana_Scully
8501624	http://en.wikipedia.org/wiki/The_Calusari	Gillian_Anderson
8501624	http://en.wikipedia.org/wiki/The_Calusari	X-File
8501624	http://en.wikipedia.org/wiki/The_Calusari	C%C4%83lu%C5%9Fari
8501624	http://en.wikipedia.org/wiki/The_Calusari	Eastern_medicine
8501624	http://en.wikipedia.org/wiki/The_Calusari	Chris_Carter_(screenwriter)
8501624	http://en.wikipedia.org/wiki/The_Calusari	Virginia
8501624	http://en.wikipedia.org/wiki/The_Calusari	Amusement_park
8501624	http://en.wikipedia.org/wiki/The_Calusari	Helene_Clarkson
8501624	http://en.wikipedia.org/wiki/The_Calusari	Stroller
8501624	http://en.wikipedia.org/wiki/The_Calusari	Fox_Mulder
8501624	http://en.wikipedia.org/wiki/The_Calusari	David_Duchovny
8501624	http://en.wikipedia.org/wiki/The_Calusari	Dana_Scully
8501624	http://en.wikipedia.org/wiki/The_Calusari	Gillian_Anderson
8501624	http://en.wikipedia.org/wiki/The_Calusari	Bill_Dow
8501624	http://en.wikipedia.org/wiki/The_Calusari	Electromagnetism
8501624	http://en.wikipedia.org/wiki/The_Calusari	Lilyan_Chauvin
8501624	http://en.wikipedia.org/wiki/The_Calusari	Romania
8501624	http://en.wikipedia.org/wiki/The_Calusari	Swastika
8501624	http://en.wikipedia.org/wiki/The_Calusari	Social_worker
8501624	http://en.wikipedia.org/wiki/The_Calusari	Christine_Willes
8501624	http://en.wikipedia.org/wiki/The_Calusari	Garage_(house)
8501624	http://en.wikipedia.org/wiki/The_Calusari	Vibhuti
8501624	http://en.wikipedia.org/wiki/The_Calusari	C%C4%83lu%C5%9Fari
8501624	http://en.wikipedia.org/wiki/The_Calusari	Stillbirth
8501624	http://en.wikipedia.org/wiki/The_Calusari	Mike_Vejar
8501624	http://en.wikipedia.org/wiki/The_Calusari	Eastern_medicine
8501624	http://en.wikipedia.org/wiki/The_Calusari	Frank_Spotnitz
8501624	http://en.wikipedia.org/wiki/The_Calusari	Chris_Carter_(screenwriter)
8501624	http://en.wikipedia.org/wiki/The_Calusari	Christine_Willes
8501624	http://en.wikipedia.org/wiki/The_Calusari	Irresistible_(The_X-Files)
8501624	http://en.wikipedia.org/wiki/The_Calusari	Fox_Broadcasting_Company
8501624	http://en.wikipedia.org/wiki/The_Calusari	BBC_One
8501624	http://en.wikipedia.org/wiki/The_Calusari	Nielsen_rating
8501624	http://en.wikipedia.org/wiki/The_Calusari	BBFC
8501624	http://en.wikipedia.org/wiki/The_Calusari	Entertainment_Weekly
8501624	http://en.wikipedia.org/wiki/The_Calusari	The_Exorcist_(film)
8501624	http://en.wikipedia.org/wiki/The_Calusari	The_Omen
8501624	http://en.wikipedia.org/wiki/The_Calusari	The_A.V._Club
8501624	http://en.wikipedia.org/wiki/The_Calusari	Robert_Shearman
8501624	http://en.wikipedia.org/wiki/The_Calusari	Lars_Pearson
8501641	http://en.wikipedia.org/wiki/Armand_On%C3%A9	France
8501641	http://en.wikipedia.org/wiki/Armand_On%C3%A9	Association_football
8501641	http://en.wikipedia.org/wiki/Armand_On%C3%A9	Scottish_Football_League_Second_Division
8501641	http://en.wikipedia.org/wiki/Armand_On%C3%A9	Stranraer_F.C.
8501641	http://en.wikipedia.org/wiki/Armand_On%C3%A9	Scotland
8501641	http://en.wikipedia.org/wiki/Armand_On%C3%A9	France
8501641	http://en.wikipedia.org/wiki/Armand_On%C3%A9	England
8501641	http://en.wikipedia.org/wiki/Armand_On%C3%A9	Finland
8501641	http://en.wikipedia.org/wiki/Armand_On%C3%A9	Wales
8501641	http://en.wikipedia.org/wiki/Armand_On%C3%A9	FC_Nantes_Atlantique
8501641	http://en.wikipedia.org/wiki/Armand_On%C3%A9	Manchester_United
8501641	http://en.wikipedia.org/wiki/Armand_On%C3%A9	Cambridge_United_F.C.
8501641	http://en.wikipedia.org/wiki/Armand_On%C3%A9	Northampton_Town_F.C.
8501641	http://en.wikipedia.org/wiki/Armand_On%C3%A9	Wrexham_F.C.
8501641	http://en.wikipedia.org/wiki/Armand_On%C3%A9	Tamworth_F.C.
8501641	http://en.wikipedia.org/wiki/Armand_On%C3%A9	Partick_Thistle_F.C.
8501641	http://en.wikipedia.org/wiki/Armand_On%C3%A9	Cowdenbeath_F.C.
8501641	http://en.wikipedia.org/wiki/Armand_On%C3%A9	Elgin_City_F.C.
8501641	http://en.wikipedia.org/wiki/Armand_On%C3%A9	Raith_Rovers_F.C.
8501641	http://en.wikipedia.org/wiki/Armand_On%C3%A9	Turun_Palloseura
8501641	http://en.wikipedia.org/wiki/Armand_On%C3%A9	Finland
8501641	http://en.wikipedia.org/wiki/Armand_On%C3%A9	IFK_Mariehamn
8501641	http://en.wikipedia.org/wiki/Armand_On%C3%A9	Myllykosken_Pallo
8501641	http://en.wikipedia.org/wiki/Armand_On%C3%A9	Vaasan_Palloseura
8501641	http://en.wikipedia.org/wiki/Armand_On%C3%A9	Veritas_Stadion
8501641	http://en.wikipedia.org/wiki/Armand_On%C3%A9	Livingston_F.C.
8501641	http://en.wikipedia.org/wiki/Armand_On%C3%A9	Greenock_Morton_F.C.
8501641	http://en.wikipedia.org/wiki/Armand_On%C3%A9	Crawley_Town_F.C.
8501641	http://en.wikipedia.org/wiki/Armand_On%C3%A9	Stranraer_F.C.
8501641	http://en.wikipedia.org/wiki/Armand_On%C3%A9	Alloa_Athletic_F.C.
8501641	http://en.wikipedia.org/wiki/Armand_On%C3%A9	Falkirk_F.C.
8501641	http://en.wikipedia.org/wiki/Armand_On%C3%A9	Clyde_F.C.
8501641	http://en.wikipedia.org/wiki/Armand_On%C3%A9	Gr%C3%A9gory_Tad%C3%A9
8501641	http://en.wikipedia.org/wiki/Armand_On%C3%A9	St._Johnstone_F.C.
8501651	http://en.wikipedia.org/wiki/St_James%27s_Church_of_England_School_and_Sports_College	Voluntary_Aided
8501651	http://en.wikipedia.org/wiki/St_James%27s_Church_of_England_School_and_Sports_College	Church_of_England
8501651	http://en.wikipedia.org/wiki/St_James%27s_Church_of_England_School_and_Sports_College	Secondary_school
8501651	http://en.wikipedia.org/wiki/St_James%27s_Church_of_England_School_and_Sports_College	Farnworth
8501651	http://en.wikipedia.org/wiki/St_James%27s_Church_of_England_School_and_Sports_College	Greater_Manchester
8501651	http://en.wikipedia.org/wiki/St_James%27s_Church_of_England_School_and_Sports_College	England
8501651	http://en.wikipedia.org/wiki/St_James%27s_Church_of_England_School_and_Sports_College	Secondary_modern_school
8501651	http://en.wikipedia.org/wiki/St_James%27s_Church_of_England_School_and_Sports_College	GCSE
8501671	http://en.wikipedia.org/wiki/Zimbabwean_cricket_team_in_Bangladesh_in_2006%E2%80%9307	Zimbabwe_national_cricket_team
8501671	http://en.wikipedia.org/wiki/Zimbabwean_cricket_team_in_Bangladesh_in_2006%E2%80%9307	Zimbabwe_national_cricket_team
8501671	http://en.wikipedia.org/wiki/Zimbabwean_cricket_team_in_Bangladesh_in_2006%E2%80%9307	Zimbabwe_national_cricket_team
8501671	http://en.wikipedia.org/wiki/Zimbabwean_cricket_team_in_Bangladesh_in_2006%E2%80%9307	Bangladesh_cricket_team
8501671	http://en.wikipedia.org/wiki/Zimbabwean_cricket_team_in_Bangladesh_in_2006%E2%80%9307	Zimbabwe_national_cricket_team
8501671	http://en.wikipedia.org/wiki/Zimbabwean_cricket_team_in_Bangladesh_in_2006%E2%80%9307	Bangladesh_cricket_team
8501671	http://en.wikipedia.org/wiki/Zimbabwean_cricket_team_in_Bangladesh_in_2006%E2%80%9307	Bangladesh_cricket_team
8501682	http://en.wikipedia.org/wiki/Domestic_partnership_in_Tasmania	Tasmania
8501682	http://en.wikipedia.org/wiki/Domestic_partnership_in_Tasmania	Civil_union
8501682	http://en.wikipedia.org/wiki/Domestic_partnership_in_Tasmania	Parliament_of_Tasmania
8501682	http://en.wikipedia.org/wiki/Domestic_partnership_in_Tasmania	Government_of_Australia
8501682	http://en.wikipedia.org/wiki/Domestic_partnership_in_Tasmania	Hobart%2C_Tasmania
8501682	http://en.wikipedia.org/wiki/Domestic_partnership_in_Tasmania	Lara_Giddings
8501682	http://en.wikipedia.org/wiki/Domestic_partnership_in_Tasmania	Tasmanian_House_of_Assembly
8501682	http://en.wikipedia.org/wiki/Domestic_partnership_in_Tasmania	Tasmanian_Legislative_Council
8501706	http://en.wikipedia.org/wiki/Voronezh_Malshevo	Russia
8501706	http://en.wikipedia.org/wiki/Voronezh_Malshevo	Voronezh
8501706	http://en.wikipedia.org/wiki/Voronezh_Malshevo	Special_Purpose_Command
8501706	http://en.wikipedia.org/wiki/Voronezh_Malshevo	Moscow_Military_District
8501706	http://en.wikipedia.org/wiki/Voronezh_Malshevo	Natural_Resources_Defense_Council
8501706	http://en.wikipedia.org/wiki/Voronezh_Malshevo	Long_Range_Aviation
8501713	http://en.wikipedia.org/wiki/Thomas_N._Hart	United_States
8501713	http://en.wikipedia.org/wiki/Thomas_N._Hart	Massachusetts
8501713	http://en.wikipedia.org/wiki/Thomas_N._Hart	Mayor_of_Boston
8501731	http://en.wikipedia.org/wiki/Pridacha_Airport	Russia
8501731	http://en.wikipedia.org/wiki/Pridacha_Airport	Voronezh
8501731	http://en.wikipedia.org/wiki/Pridacha_Airport	Voronezh_Aircraft_Plant
8501731	http://en.wikipedia.org/wiki/Pridacha_Airport	Tupolev_Tu-144
8501731	http://en.wikipedia.org/wiki/Pridacha_Airport	Ilyushin_Il-86
8501731	http://en.wikipedia.org/wiki/Pridacha_Airport	Ilyushin_Il-96
8501749	http://en.wikipedia.org/wiki/Jaret_Reddick	United_States
8501749	http://en.wikipedia.org/wiki/Jaret_Reddick	Singer-songwriter
8501749	http://en.wikipedia.org/wiki/Jaret_Reddick	Guitarist
8501749	http://en.wikipedia.org/wiki/Jaret_Reddick	Composer
8501749	http://en.wikipedia.org/wiki/Jaret_Reddick	Voice_actor
8501749	http://en.wikipedia.org/wiki/Jaret_Reddick	Lead_vocalist
8501749	http://en.wikipedia.org/wiki/Jaret_Reddick	Rhythm_guitarist
8501749	http://en.wikipedia.org/wiki/Jaret_Reddick	Songwriter
8501749	http://en.wikipedia.org/wiki/Jaret_Reddick	Grammy_Award
8501749	http://en.wikipedia.org/wiki/Jaret_Reddick	Pop_punk
8501749	http://en.wikipedia.org/wiki/Jaret_Reddick	Bowling_for_Soup
8501749	http://en.wikipedia.org/wiki/Jaret_Reddick	Music_Man_(company)
8501749	http://en.wikipedia.org/wiki/Jaret_Reddick	Texas
8501749	http://en.wikipedia.org/wiki/Jaret_Reddick	Wichita_Falls%2C_Texas
8501749	http://en.wikipedia.org/wiki/Jaret_Reddick	Midwestern_State_University
8501749	http://en.wikipedia.org/wiki/Jaret_Reddick	Rubik%27s_Cube
8501749	http://en.wikipedia.org/wiki/Jaret_Reddick	Jacks_(game)
8501749	http://en.wikipedia.org/wiki/Jaret_Reddick	Rich_Uncle_Pennybags
8501749	http://en.wikipedia.org/wiki/Jaret_Reddick	Cavity_Sam
8501749	http://en.wikipedia.org/wiki/Jaret_Reddick	Mr._Potato_Head
8501749	http://en.wikipedia.org/wiki/Jaret_Reddick	Denton%2C_Texas
8501749	http://en.wikipedia.org/wiki/Jaret_Reddick	Steve_Martin
8501749	http://en.wikipedia.org/wiki/Jaret_Reddick	Songwriter
8501749	http://en.wikipedia.org/wiki/Jaret_Reddick	Punk_Rock_101
8501749	http://en.wikipedia.org/wiki/Jaret_Reddick	Iron_Maiden
8501749	http://en.wikipedia.org/wiki/Jaret_Reddick	Love_H%C3%A4ndel
8501749	http://en.wikipedia.org/wiki/Jaret_Reddick	Phineas_and_Ferb
8501749	http://en.wikipedia.org/wiki/Jaret_Reddick	Dude%2C_We%27re_Getting_the_Band_Back_Together
8501749	http://en.wikipedia.org/wiki/Jaret_Reddick	Sega
8501749	http://en.wikipedia.org/wiki/Jaret_Reddick	Sonic_the_Hedgehog_(series)
8501749	http://en.wikipedia.org/wiki/Jaret_Reddick	Sonic_Unleashed
8501749	http://en.wikipedia.org/wiki/Jaret_Reddick	Jun_Senoue
8501749	http://en.wikipedia.org/wiki/Jaret_Reddick	Linus_of_Hollywood
8501749	http://en.wikipedia.org/wiki/Jaret_Reddick	Sorry_for_Partyin%27
8501749	http://en.wikipedia.org/wiki/Jaret_Reddick	Fishin%27_for_Woos
8501749	http://en.wikipedia.org/wiki/Jaret_Reddick	Extended_play
8501749	http://en.wikipedia.org/wiki/Jaret_Reddick	Kickstarter
8501749	http://en.wikipedia.org/wiki/Jaret_Reddick	Demo_(music)
8501749	http://en.wikipedia.org/wiki/Jaret_Reddick	Music_download
8501749	http://en.wikipedia.org/wiki/Jaret_Reddick	SoundCloud
8501749	http://en.wikipedia.org/wiki/Jaret_Reddick	Independent_record_label
8501749	http://en.wikipedia.org/wiki/Jaret_Reddick	Oglio_Records
8501749	http://en.wikipedia.org/wiki/Jaret_Reddick	The_Leftovers_(American_band)
8501749	http://en.wikipedia.org/wiki/Jaret_Reddick	MC_Lars
8501749	http://en.wikipedia.org/wiki/Jaret_Reddick	Music_video
8501749	http://en.wikipedia.org/wiki/Jaret_Reddick	People_on_Vacation
8501749	http://en.wikipedia.org/wiki/Jaret_Reddick	Side_project
8501749	http://en.wikipedia.org/wiki/Jaret_Reddick	Indie_rock
8501749	http://en.wikipedia.org/wiki/Jaret_Reddick	Smile_Smile
8501749	http://en.wikipedia.org/wiki/Jaret_Reddick	The_Carry_On_EP
8501749	http://en.wikipedia.org/wiki/Jaret_Reddick	Edd_Jones
8501749	http://en.wikipedia.org/wiki/Jaret_Reddick	Virtual_band
8501749	http://en.wikipedia.org/wiki/Jaret_Reddick	Chuck_E._Cheese%27s
8501749	http://en.wikipedia.org/wiki/Jaret_Reddick	Chuck_E._Cheese
8501749	http://en.wikipedia.org/wiki/Jaret_Reddick	Duncan_Brannan
8501754	http://en.wikipedia.org/wiki/Michael_Goblet_d%27Alviella	Belgium
8501754	http://en.wikipedia.org/wiki/Michael_Goblet_d%27Alviella	Court-Saint-Etienne
8501754	http://en.wikipedia.org/wiki/Michael_Goblet_d%27Alviella	Jean_Goblet_d%27Alviella
8501755	http://en.wikipedia.org/wiki/England_Basketball	Basketball
8501755	http://en.wikipedia.org/wiki/England_Basketball	England
8501755	http://en.wikipedia.org/wiki/England_Basketball	English_Basketball_League
8501755	http://en.wikipedia.org/wiki/England_Basketball	England_national_basketball_team
8501755	http://en.wikipedia.org/wiki/England_Basketball	Great_Britain_national_basketball_team
8501755	http://en.wikipedia.org/wiki/England_Basketball	Basketballscotland
8501755	http://en.wikipedia.org/wiki/England_Basketball	Basketball_Wales
8501755	http://en.wikipedia.org/wiki/England_Basketball	British_Basketball_League
8501755	http://en.wikipedia.org/wiki/England_Basketball	Non-profit_organisation
8501755	http://en.wikipedia.org/wiki/England_Basketball	Board_of_Directors
8501755	http://en.wikipedia.org/wiki/England_Basketball	Sheffield
8501783	http://en.wikipedia.org/wiki/Donald_Vance	United_States_of_America
8501783	http://en.wikipedia.org/wiki/Donald_Vance	United_States_Navy
8501783	http://en.wikipedia.org/wiki/Donald_Vance	Camp_Cropper
8501783	http://en.wikipedia.org/wiki/Donald_Vance	United_States_military
8501783	http://en.wikipedia.org/wiki/Donald_Vance	Baghdad
8501783	http://en.wikipedia.org/wiki/Donald_Vance	Donald_H._Rumsfeld
8501783	http://en.wikipedia.org/wiki/Donald_Vance	Habeas_corpus
8501783	http://en.wikipedia.org/wiki/Donald_Vance	Ron_Ridenhour
8501783	http://en.wikipedia.org/wiki/Donald_Vance	Veteran
8501783	http://en.wikipedia.org/wiki/Donald_Vance	Chicago
8501783	http://en.wikipedia.org/wiki/Donald_Vance	Iraq
8501783	http://en.wikipedia.org/wiki/Donald_Vance	F.B.I.
8501783	http://en.wikipedia.org/wiki/Donald_Vance	Iraqi_Interior_Ministry
8501783	http://en.wikipedia.org/wiki/Donald_Vance	Camp_Cropper
8501783	http://en.wikipedia.org/wiki/Donald_Vance	Sleep_deprivation
8501783	http://en.wikipedia.org/wiki/Donald_Vance	The_Pentagon
8501783	http://en.wikipedia.org/wiki/Donald_Vance	Chicago
8501783	http://en.wikipedia.org/wiki/Donald_Vance	Donald_H._Rumsfeld
8501783	http://en.wikipedia.org/wiki/Donald_Vance	Shield_Group_Security
8501783	http://en.wikipedia.org/wiki/Donald_Vance	Byron_Dorgan
8501783	http://en.wikipedia.org/wiki/Donald_Vance	United_States_Court_of_Appeals_for_the_Seventh_Circuit
8501783	http://en.wikipedia.org/wiki/Donald_Vance	Chicago
8501783	http://en.wikipedia.org/wiki/Donald_Vance	Nathan_Ertel
8501783	http://en.wikipedia.org/wiki/Donald_Vance	Qualified_immunity
8501783	http://en.wikipedia.org/wiki/Donald_Vance	Bivens_doctrine
8501798	http://en.wikipedia.org/wiki/Marie-F%C3%A9licit%C3%A9_Brosset	France
8501798	http://en.wikipedia.org/wiki/Marie-F%C3%A9licit%C3%A9_Brosset	Oriental_studies
8501798	http://en.wikipedia.org/wiki/Marie-F%C3%A9licit%C3%A9_Brosset	Georgia_(country)
8501798	http://en.wikipedia.org/wiki/Marie-F%C3%A9licit%C3%A9_Brosset	Armenia
8501798	http://en.wikipedia.org/wiki/Marie-F%C3%A9licit%C3%A9_Brosset	Russia
8501798	http://en.wikipedia.org/wiki/Marie-F%C3%A9licit%C3%A9_Brosset	Paris
8501798	http://en.wikipedia.org/wiki/Marie-F%C3%A9licit%C3%A9_Brosset	Orl%C3%A9ans
8501798	http://en.wikipedia.org/wiki/Marie-F%C3%A9licit%C3%A9_Brosset	Greek_language
8501798	http://en.wikipedia.org/wiki/Marie-F%C3%A9licit%C3%A9_Brosset	Latin_language
8501798	http://en.wikipedia.org/wiki/Marie-F%C3%A9licit%C3%A9_Brosset	Hebrew
8501798	http://en.wikipedia.org/wiki/Marie-F%C3%A9licit%C3%A9_Brosset	Arabic_language
8501798	http://en.wikipedia.org/wiki/Marie-F%C3%A9licit%C3%A9_Brosset	Coll%C3%A8ge_de_France
8501798	http://en.wikipedia.org/wiki/Marie-F%C3%A9licit%C3%A9_Brosset	Carl_Benedict_Hase
8501798	http://en.wikipedia.org/wiki/Marie-F%C3%A9licit%C3%A9_Brosset	Antoine-Isaac_Silvestre_de_Sacy
8501798	http://en.wikipedia.org/wiki/Marie-F%C3%A9licit%C3%A9_Brosset	Jean-Pierre_Abel-R%C3%A9musat
8501798	http://en.wikipedia.org/wiki/Marie-F%C3%A9licit%C3%A9_Brosset	Soci%C3%A9t%C3%A9_Asiatique
8501798	http://en.wikipedia.org/wiki/Marie-F%C3%A9licit%C3%A9_Brosset	1826_in_France
8501798	http://en.wikipedia.org/wiki/Marie-F%C3%A9licit%C3%A9_Brosset	Antoine-Jean_Saint-Martin
8501798	http://en.wikipedia.org/wiki/Marie-F%C3%A9licit%C3%A9_Brosset	Saint_Petersburg
8501798	http://en.wikipedia.org/wiki/Marie-F%C3%A9licit%C3%A9_Brosset	Sergey_Uvarov
8501798	http://en.wikipedia.org/wiki/Marie-F%C3%A9licit%C3%A9_Brosset	Imperial_Academy_of_Sciences
8501798	http://en.wikipedia.org/wiki/Marie-F%C3%A9licit%C3%A9_Brosset	Caucasus
8501798	http://en.wikipedia.org/wiki/Marie-F%C3%A9licit%C3%A9_Brosset	Masterpiece
8501798	http://en.wikipedia.org/wiki/Marie-F%C3%A9licit%C3%A9_Brosset	Tsar
8501798	http://en.wikipedia.org/wiki/Marie-F%C3%A9licit%C3%A9_Brosset	Kingdom_of_Georgia
8501798	http://en.wikipedia.org/wiki/Marie-F%C3%A9licit%C3%A9_Brosset	Ch%C3%A2tellerault
8501805	http://en.wikipedia.org/wiki/Zherdevka_(air_base)	Interceptor_aircraft
8501805	http://en.wikipedia.org/wiki/Zherdevka_(air_base)	Russia
8501805	http://en.wikipedia.org/wiki/Zherdevka_(air_base)	Zherdevka
8501805	http://en.wikipedia.org/wiki/Zherdevka_(air_base)	Tambov_Oblast
8501805	http://en.wikipedia.org/wiki/Zherdevka_(air_base)	MiG-29
8501805	http://en.wikipedia.org/wiki/Zherdevka_(air_base)	Khalino
8501805	http://en.wikipedia.org/wiki/Zherdevka_(air_base)	Kursk
8501807	http://en.wikipedia.org/wiki/Ichigaya_Station	Railway_station
8501807	http://en.wikipedia.org/wiki/Ichigaya_Station	Chiyoda%2C_Tokyo
8501807	http://en.wikipedia.org/wiki/Ichigaya_Station	Tokyo
8501807	http://en.wikipedia.org/wiki/Ichigaya_Station	Japan
8501807	http://en.wikipedia.org/wiki/Ichigaya_Station	East_Japan_Railway_Company
8501807	http://en.wikipedia.org/wiki/Ichigaya_Station	Tokyo_Metro
8501807	http://en.wikipedia.org/wiki/Ichigaya_Station	Tokyo_Metropolitan_Bureau_of_Transportation
8501807	http://en.wikipedia.org/wiki/Ichigaya_Station	Ch%C5%AB%C5%8D-S%C5%8Dbu_Line
8501807	http://en.wikipedia.org/wiki/Ichigaya_Station	Tokyo_Metro_Y%C5%ABrakuch%C5%8D_Line
8501807	http://en.wikipedia.org/wiki/Ichigaya_Station	Tokyo_Metro_Namboku_Line
8501807	http://en.wikipedia.org/wiki/Ichigaya_Station	Toei_Shinjuku_Line
8501807	http://en.wikipedia.org/wiki/Ichigaya_Station	Ch%C5%AB%C5%8D_Main_Line
8501807	http://en.wikipedia.org/wiki/Ichigaya_Station	Tokyo_subway
8501807	http://en.wikipedia.org/wiki/Ichigaya_Station	Ministry_of_Defense_(Japan)
8501807	http://en.wikipedia.org/wiki/Ichigaya_Station	Nihon_Ki-in
8501815	http://en.wikipedia.org/wiki/2006%E2%80%9307_Campionato_Sammarinese_di_Calcio	Campionato_Sammarinese_di_Calcio
8501820	http://en.wikipedia.org/wiki/United_Family_Services	Charlotte
8501820	http://en.wikipedia.org/wiki/United_Family_Services	North_Carolina
8501820	http://en.wikipedia.org/wiki/United_Family_Services	Concord%2C_North_Carolina
8501820	http://en.wikipedia.org/wiki/United_Family_Services	Huntersville%2C_North_Carolina
8501820	http://en.wikipedia.org/wiki/United_Family_Services	Monroe%2C_North_Carolina
8501820	http://en.wikipedia.org/wiki/United_Family_Services	Mooresville%2C_North_Carolina
8501825	http://en.wikipedia.org/wiki/Buzludzha	Stara_Planina
8501825	http://en.wikipedia.org/wiki/Buzludzha	Bulgaria
8501825	http://en.wikipedia.org/wiki/Buzludzha	Bulgarians
8501825	http://en.wikipedia.org/wiki/Buzludzha	Hadji_Dimitar
8501825	http://en.wikipedia.org/wiki/Buzludzha	Stefan_Karadzha
8501825	http://en.wikipedia.org/wiki/Buzludzha	Ottoman_Empire
8501825	http://en.wikipedia.org/wiki/Buzludzha	Dimitar_Blagoev
8501825	http://en.wikipedia.org/wiki/Buzludzha	Shipka_Pass
8501846	http://en.wikipedia.org/wiki/Nick_Thornicroft	York
8501846	http://en.wikipedia.org/wiki/Nick_Thornicroft	England
8501846	http://en.wikipedia.org/wiki/Nick_Thornicroft	English_people
8501846	http://en.wikipedia.org/wiki/Nick_Thornicroft	First-class_cricket
8501846	http://en.wikipedia.org/wiki/Nick_Thornicroft	Yorkshire_County_Cricket_Club
8501846	http://en.wikipedia.org/wiki/Nick_Thornicroft	Yorkshire_Cricket_Board
8501846	http://en.wikipedia.org/wiki/Nick_Thornicroft	Friends_Provident_Trophy
8501846	http://en.wikipedia.org/wiki/Nick_Thornicroft	County_Championship
8501846	http://en.wikipedia.org/wiki/Nick_Thornicroft	Roses_Match
8501846	http://en.wikipedia.org/wiki/Nick_Thornicroft	Lancashire_County_Cricket_Club
8501846	http://en.wikipedia.org/wiki/Nick_Thornicroft	One_Day_International
8501846	http://en.wikipedia.org/wiki/Nick_Thornicroft	Test_cricket
8501846	http://en.wikipedia.org/wiki/Nick_Thornicroft	South_African_cricket_team
8501846	http://en.wikipedia.org/wiki/Nick_Thornicroft	Essex_County_Cricket_Club
8501846	http://en.wikipedia.org/wiki/Nick_Thornicroft	Fan_(person)
8501846	http://en.wikipedia.org/wiki/Nick_Thornicroft	York_City_F.C.
8501875	http://en.wikipedia.org/wiki/Basilica_of_the_National_Shrine_of_Our_Lady_of_Fatima	Basilica
8501875	http://en.wikipedia.org/wiki/Basilica_of_the_National_Shrine_of_Our_Lady_of_Fatima	National_Shrine
8501875	http://en.wikipedia.org/wiki/Basilica_of_the_National_Shrine_of_Our_Lady_of_Fatima	Roman_Catholic_Church
8501875	http://en.wikipedia.org/wiki/Basilica_of_the_National_Shrine_of_Our_Lady_of_Fatima	Lewiston%2C_NY
8501875	http://en.wikipedia.org/wiki/Basilica_of_the_National_Shrine_of_Our_Lady_of_Fatima	Niagara_Falls
8501875	http://en.wikipedia.org/wiki/Basilica_of_the_National_Shrine_of_Our_Lady_of_Fatima	Blessed_Virgin_Mary
